Serial,,OpenMP (AVX-2),,OpenMP (AVX-512),,Rex,
0.221950,,0.064800,0.000000,0.067950,0.000000,0.066450,0.000000
0.222100,,0.066950,0.000000,0.067000,0.000000,0.066700,0.000000
0.221350,,0.067300,0.000000,0.066700,0.000000,0.067450,0.000000
=AVERAGE(A2:A6),,=AVERAGE(C2:C6),,=AVERAGE(E2:E6),,=AVERAGE(G2:G6),
