OpenMP (AVX-2),,OpenMP (AVX-512),,Rex,
0.068550,0.000000,0.069300,0.000000,0.068450,0.000000
