Serial,,OpenMP (AVX-2),,OpenMP (AVX-512),,Rex,
0.222450,,0.067700,0.000000,0.069600,0.000000,0.068600,0.000000
0.226350,,0.065300,0.000000,0.067800,0.000000,0.065500,0.000000
0.224900,,0.065100,0.000000,0.067800,0.000000,0.067050,0.000000
=AVERAGE(A2:A6),,=AVERAGE(C2:C6),,=AVERAGE(E2:E6),,=AVERAGE(G2:G6),
