Time (s),Correctness
0.067850,0.000000
0.177750,12.679688
0.036500,2812.406250
1.4610,0
0.002650,-701812.000000
