Program,Time (s),Correctness
axpy,0.066300,0.000000
matmul,0.176750,14.896484
matvec,0.036550,2795.843750
spmv,1.4600,0
sum,0.002650,-706184.000000
