Time (s),Correctness
0.070100,0.000000
0.184450,-16.042969
0.036100,2766.890625
1.5380,0
0.002600,-701896.000000
