Program,Time (s),Correctness
axpy,0.068950,0.000000
matmul,0.171550,-7.578125
matvec,0.035100,2762.421875
spmv,0.9620,0
sum,0.002350,-706460.000000
