Time (s),Correctness
0.065950,0.000000
0.176850,-1.298828
0.034850,2837.625000
0.9600,0
0.002450,-701764.000000
