Program,Time (s),Correctness
axpy,0.068250,0.000000
matmul,0.175200,7.285156
matvec,0.035900,2809.687500
spmv,1.5310,0
sum,0.002500,-706248.000000
