OpenMP (AVX-2),,OpenMP (AVX-512),,Rex,
0.181850,32.449219,0.175950,13.650391,0.177650,0.578125
