Serial,,OpenMP (AVX-2),,OpenMP (AVX-512),,Rex,
2.818400,,0.175500,15.134766,0.176700,11.443359,0.175600,20.728516
2.889450,,0.178600,-3.167969,0.178600,28.482422,0.176600,12.046875
2.894950,,0.176200,30.085938,0.178700,-12.082031,0.177200,4.568359
=AVERAGE(A2:A6),,=AVERAGE(C2:C6),,=AVERAGE(E2:E6),,=AVERAGE(G2:G6),
