Serial,,OpenMP (AVX-2),,OpenMP (AVX-512),,Rex,
2.908100,,0.177350,-7.574219,0.183850,10.652344,0.177850,0.630859
2.896300,,0.177850,-4.644531,0.180300,-9.707031,0.172500,10.000000
2.894200,,0.176800,15.525391,0.180200,7.824219,0.175250,18.863281
=AVERAGE(A2:A6),,=AVERAGE(C2:C6),,=AVERAGE(E2:E6),,=AVERAGE(G2:G6),
