Serial,,OpenMP (AVX-2),,OpenMP (AVX-512),,Rex,
0.278400,,0.035400,2823.437500,0.034750,2811.984375,0.034500,2787.593750
0.279150,,0.035350,2777.515625,0.035000,2798.906250,0.035550,2830.875000
0.274850,,0.036050,2818.437500,0.035000,2796.593750,0.035150,2786.703125
=AVERAGE(A2:A6),,=AVERAGE(C2:C6),,=AVERAGE(E2:E6),,=AVERAGE(G2:G6),
