OpenMP (AVX-2),,OpenMP (AVX-512),,Rex,
0.036800,2787.093750,0.035900,2790.765625,0.035800,2810.703125
