Serial,,OpenMP (AVX-2),,OpenMP (AVX-512),,Rex,
0.284550,,0.035950,2760.578125,0.035350,2793.609375,0.034400,2850.218750
0.284100,,0.035500,2789.750000,0.035050,2810.734375,0.034450,2831.734375
0.279800,,0.035300,2804.953125,0.034950,2760.859375,0.034150,2776.093750
=AVERAGE(A2:A6),,=AVERAGE(C2:C6),,=AVERAGE(E2:E6),,=AVERAGE(G2:G6),
