Serial,,OpenMP (AVX-2),,OpenMP (AVX-512),,Rex,
0.026700,20.000000,0.002450,-704024.000000,0.002300,-704036.000000,0.002500,-704224.000000
0.026700,20.000000,0.002350,-711748.000000,0.002250,-711700.000000,0.002500,-704328.000000
0.026650,20.000000,0.002450,-704112.000000,0.002450,-705868.000000,0.002450,-705976.000000
=AVERAGE(A2:A6),,=AVERAGE(C2:C6),,=AVERAGE(E2:E6),,=AVERAGE(G2:G6),
