Serial,,OpenMP (AVX-2),,OpenMP (AVX-512),,Rex,
0.026700,20.000000,0.002550,-709464.000000,0.002350,-709372.000000,0.002500,-709268.000000
0.026700,20.000000,0.002850,-709692.000000,0.002600,-709848.000000,0.002700,-705900.000000
0.026650,20.000000,0.002450,-706088.000000,0.002500,-703084.000000,0.002800,-703172.000000
=AVERAGE(A2:A6),,=AVERAGE(C2:C6),,=AVERAGE(E2:E6),,=AVERAGE(G2:G6),
