OpenMP (AVX-2),,OpenMP (AVX-512),,Rex,
0.002450,-705284.000000,0.002500,-705252.000000,0.002400,-705100.000000
